Datetime,Water Level (m)
2025-07-12 06:00:00,-0.13428599
2025-07-12 07:00:00,-0.030963968
2025-07-12 08:00:00,0.34462264
2025-07-12 09:00:00,0.65405196
2025-07-12 10:00:00,0.9326562
2025-07-12 11:00:00,1.2073145
2025-07-12 12:00:00,1.3488697
2025-07-12 13:00:00,1.3054262
2025-07-12 14:00:00,1.1380292
2025-07-12 15:00:00,0.93447375
2025-07-12 16:00:00,0.7098735
2025-07-12 17:00:00,0.5029704
2025-07-12 18:00:00,0.31962654
2025-07-12 19:00:00,0.17583427
2025-07-12 20:00:00,0.24215437
2025-07-12 21:00:00,0.5140026
2025-07-12 22:00:00,0.7747175
2025-07-12 23:00:00,1.0202589
2025-07-13 00:00:00,1.1690792
2025-07-13 01:00:00,1.1213651
2025-07-13 02:00:00,0.99164647
2025-07-13 03:00:00,0.82215315
2025-07-13 04:00:00,0.62792885
2025-07-13 05:00:00,0.4465059
2025-07-13 06:00:00,0.28015193
2025-07-13 07:00:00,0.18012583
2025-07-13 08:00:00,0.38205773
2025-07-13 09:00:00,0.67975104
2025-07-13 10:00:00,0.99332654
2025-07-13 11:00:00,1.3355148
2025-07-13 12:00:00,1.5683692
2025-07-13 13:00:00,1.6753707
2025-07-13 14:00:00,1.613042
2025-07-13 15:00:00,1.4388384
2025-07-13 16:00:00,1.2271775
2025-07-13 17:00:00,1.0174954
2025-07-13 18:00:00,0.82016
2025-07-13 19:00:00,0.6622506
2025-07-13 20:00:00,0.6090319
2025-07-13 21:00:00,0.86492354
2025-07-13 22:00:00,1.1498209
2025-07-13 23:00:00,1.4282172
2025-07-14 00:00:00,1.6605328
2025-07-14 01:00:00,1.771965
2025-07-14 02:00:00,1.7150685
2025-07-14 03:00:00,1.5688196
2025-07-14 04:00:00,1.3702558
2025-07-14 05:00:00,1.1566767
2025-07-14 06:00:00,0.95276535
2025-07-14 07:00:00,0.76716095
2025-07-14 08:00:00,0.7099919
2025-07-14 09:00:00,0.9617202
2025-07-14 10:00:00,1.2413912
2025-07-14 11:00:00,1.5514196
2025-07-14 12:00:00,1.8182552
2025-07-14 13:00:00,1.9566522
2025-07-14 14:00:00,1.9071225
2025-07-14 15:00:00,1.7539257
2025-07-14 16:00:00,1.5330185
2025-07-14 17:00:00,1.2974542
2025-07-14 18:00:00,1.0603518
2025-07-14 19:00:00,0.8453809
2025-07-14 20:00:00,0.6501328
2025-07-14 21:00:00,0.5811633
2025-07-14 22:00:00,0.77780515
2025-07-14 23:00:00,1.0556829
2025-07-15 00:00:00,1.3287662
2025-07-15 01:00:00,1.5134495
2025-07-15 02:00:00,1.5651793
2025-07-15 03:00:00,1.4859383
2025-07-15 04:00:00,1.3291528
2025-07-15 05:00:00,1.1269853
2025-07-15 06:00:00,0.9189943
2025-07-15 07:00:00,0.7227123
2025-07-15 08:00:00,0.5612205
2025-07-15 09:00:00,0.584454
2025-07-15 10:00:00,0.86591625
2025-07-15 11:00:00,1.1475166
2025-07-15 12:00:00,1.4628062
2025-07-15 13:00:00,1.7208011
2025-07-15 14:00:00,1.8391743
2025-07-15 15:00:00,1.7606715
2025-07-15 16:00:00,1.5782214
2025-07-15 17:00:00,1.3552096
2025-07-15 18:00:00,1.1182615
2025-07-15 19:00:00,0.90000594
2025-07-15 20:00:00,0.6966791
2025-07-15 21:00:00,0.54070127
2025-07-15 22:00:00,0.5495325
2025-07-15 23:00:00,0.8090443
2025-07-16 00:00:00,1.083574
2025-07-16 01:00:00,1.3486333
2025-07-16 02:00:00,1.5025104
2025-07-16 03:00:00,1.5250838
2025-07-16 04:00:00,1.4260554
2025-07-16 05:00:00,1.2556306
2025-07-16 06:00:00,1.0488076
2025-07-16 07:00:00,0.8360608
2025-07-16 08:00:00,0.65246403
2025-07-16 09:00:00,0.52980876
2025-07-16 10:00:00,0.63877463
2025-07-16 11:00:00,0.89418757
2025-07-16 12:00:00,1.1525121
2025-07-16 13:00:00,1.4377568
2025-07-16 14:00:00,1.6418672
2025-07-16 15:00:00,1.6937519
2025-07-16 16:00:00,1.5914407
2025-07-16 17:00:00,1.4121007
2025-07-16 18:00:00,1.195147
2025-07-16 19:00:00,0.9724361
2025-07-16 20:00:00,0.7633802
2025-07-16 21:00:00,0.58235765
2025-07-16 22:00:00,0.47356698
2025-07-16 23:00:00,0.5880008
2025-07-17 00:00:00,0.8509864
2025-07-17 01:00:00,1.1152431
2025-07-17 02:00:00,1.3674167
2025-07-17 03:00:00,1.4918877
2025-07-17 04:00:00,1.4897048
2025-07-17 05:00:00,1.3792505
2025-07-17 06:00:00,1.2022576
2025-07-17 07:00:00,0.9987003
2025-07-17 08:00:00,0.79732037
2025-07-17 09:00:00,0.6169065
2025-07-17 10:00:00,0.51571614
2025-07-17 11:00:00,0.64257574
2025-07-17 12:00:00,0.87260294
2025-07-17 13:00:00,1.104713
2025-07-17 14:00:00,1.3560429
2025-07-17 15:00:00,1.49168
2025-07-17 16:00:00,1.4953525
2025-07-17 17:00:00,1.3897631
2025-07-17 18:00:00,1.2172308
2025-07-17 19:00:00,1.0104473
2025-07-17 20:00:00,0.7935565
2025-07-17 21:00:00,0.6060464
2025-07-17 22:00:00,0.44953462
2025-07-17 23:00:00,0.37187666
2025-07-18 00:00:00,0.5218568
2025-07-18 01:00:00,0.77444166
2025-07-18 02:00:00,1.0396292
2025-07-18 03:00:00,1.2782869
2025-07-18 04:00:00,1.3950671
2025-07-18 05:00:00,1.3971283
2025-07-18 06:00:00,1.2969815
